<?xml version="1.0" encoding="ASCII"?>
<po:order xmlns:po="http://www.example.com/po" orderDate="2005-08-10">
  <shipTo>
    <name>Scarlet O'Hara</name>
    <street>321 Backwoods Lane</street>
    <city>Louisville</city>
    <state>AL</state>
    <zip>67655</zip>
  </shipTo>
  <billTo>
    <name>Rhett Butler</name>
    <street>123 Iditarod Lane</street>
    <city>Nome</city>
    <state>AK</state>
    <zip>34582</zip>
  </billTo>
  <po:comment>Plasma Television (STV999876) is discontinued and has been removed from the order.</po:comment>
  <items partNum="SWH123456">
    <productName>Wireless Headphones</productName>
    <quantity>2</quantity>
    <price>75.0</price>
    <po:comment>Backordered</po:comment>
    <shipDate>2005-08-17</shipDate>
  </items>
</po:order>